x,y,dx,dy
-0.2217369412567649,-7.235481641070318,-0.22397442081785607,0.04658667953011407
-0.739457227213907,-6.822290749105357,-0.3220838165640874,0.40240595353439074
-0.2217369412567649,-6.822290749105357,-0.2462743459952443,0.40931311163669526
0.2959833447003781,-6.822290749105357,0.2014675377208988,0.3859892077830305
-0.739457227213907,-6.409099857140395,-0.14105572362416147,0.5698092597886918
-0.2217369412567649,-6.409099857140395,-0.14523816938584622,0.6065829427291227
0.2959833447003781,-6.409099857140395,0.10407453608624269,0.6414775951497504
-0.739457227213907,-5.995908965175435,-0.11747221881908887,0.723293233014676
-0.2217369412567649,-5.995908965175435,-0.045084939377242846,0.780598543403658
0.2959833447003781,-5.995908965175435,0.218523359357715,0.7939516131561626
0.8137036306575194,-5.995908965175435,0.29082848315711485,0.7307195938822131
-0.739457227213907,-5.582718073210474,0.07448500088661165,0.7778961712313033
-0.2217369412567649,-5.582718073210474,0.03853809518678611,0.8606841258382265
0.2959833447003781,-5.582718073210474,0.03741263423865267,0.853775499292332
0.8137036306575194,-5.582718073210474,0.10962373548423202,0.7170748470592287
-0.739457227213907,-5.169527181245513,0.08364703388087197,0.8879454365815644
-0.2217369412567649,-5.169527181245513,0.09889454059815772,0.8689596126492156
0.2959833447003781,-5.169527181245513,-0.04930638454316493,0.8382085372338057
0.8137036306575194,-5.169527181245513,-0.048337824588516855,0.8296349077335241
-0.739457227213907,-4.7563362892805525,-0.10143793189647989,0.9523181370028202
-0.2217369412567649,-4.7563362892805525,-0.06043099312706783,0.906915874466667
0.2959833447003781,-4.7563362892805525,-0.04209321762363974,0.9144079828454444
0.8137036306575194,-4.7563362892805525,0.029670263090002598,0.9389765613189119
-7.987541230613902,-4.343145397315592,0.07791743302080148,-0.1897988753070849
-7.469820944656759,-4.343145397315592,-0.38936772068041015,-0.10471246796365974
-6.952100658699617,-4.343145397315592,-0.5621063771642972,-0.22835571572299626
-6.434380372742474,-4.343145397315592,-0.6356090257168344,-0.3047201550554631
-0.739457227213907,-4.343145397315592,-0.010850411084488127,0.8310428489710374
-0.2217369412567649,-4.343145397315592,0.013485109225596802,0.8510067143439086
0.2959833447003781,-4.343145397315592,0.01686684313232313,0.971951835500134
0.8137036306575194,-4.343145397315592,-0.014433730663733314,0.9938654542741922
17.380752781286077,-4.343145397315592,0.5015709320491231,-0.11623707314154569
-7.987541230613902,-3.9299545053506306,0,-0.18666007410663962
-7.469820944656759,-3.9299545053506306,-0.444397663677965,-0.3329291467089058
-6.952100658699617,-3.9299545053506306,-0.649333846648356,-0.2844810797426449
-6.434380372742474,-3.9299545053506306,-0.6984972667589482,-0.3586454575959634
-5.916660086785332,-3.9299545053506306,-0.7303336288508964,-0.2914036392060325
-5.39893980082819,-3.9299545053506306,-0.7683676107271464,-0.03729939857898834
-4.881219514871047,-3.9299545053506306,-0.9608146661304884,-0.06935907465866613
-4.363499228913905,-3.9299545053506306,-0.9797654042285179,-0.2079034358179137
-3.8457789429567626,-3.9299545053506306,-0.7397858795169956,-0.18440883479239045
-0.739457227213907,-3.9299545053506306,0.08691686949754326,0.7827722857742822
-0.2217369412567649,-3.9299545053506306,0.21854375057290135,0.8849672862705146
0.2959833447003781,-3.9299545053506306,0.2416077612258646,0.8995378213946574
0.8137036306575194,-3.9299545053506306,-0.1275067400047543,0.8455710126631095
16.34531220937179,-3.9299545053506306,0.8471026344668964,-0.18530370128963197
16.863032495328937,-3.9299545053506306,0.6913247695977089,-0.29550317438641055
17.380752781286077,-3.9299545053506306,0.5481334100957467,-0.32334074250067224
17.898473067243224,-3.9299545053506306,0.28173563918159333,-0.16954003065794954
-7.469820944656759,-3.5167636133856695,-0.5200845782784181,-0.3423341527908592
-6.952100658699617,-3.5167636133856695,-0.6339823093157594,-0.2736571578600796
-6.434380372742474,-3.5167636133856695,-0.6258956294640518,-0.43057302785544205
-5.916660086785332,-3.5167636133856695,-0.6643818124009033,-0.32108084244792795
-5.39893980082819,-3.5167636133856695,-0.7642957230944346,-0.2677565811370572
-4.881219514871047,-3.5167636133856695,-0.93366540008391,-0.2765636464630878
-4.363499228913905,-3.5167636133856695,-0.9924657887025424,-0.18867399499046764
-3.8457789429567626,-3.5167636133856695,-0.7522703350513767,-0.21919420750106225
-3.3280586569996196,-3.5167636133856695,-0.48199116566209393,-0.31801478971519614
-0.739457227213907,-3.5167636133856695,0.1463345977934693,0.8075871830445037
-0.2217369412567649,-3.5167636133856695,0.26686055590552754,0.8306504627481917
0.2959833447003781,-3.5167636133856695,-0.0851690935518443,0.7846981729075412
0.8137036306575194,-3.5167636133856695,-0.3194739675903468,0.6607302511527624
15.30987163745751,-3.5167636133856695,0.5118363803751236,-0.19062527949454294
15.827591923414653,-3.5167636133856695,0.6649224870318245,-0.3474861970026619
16.34531220937179,-3.5167636133856695,0.7690053381687822,-0.43552232360705295
16.863032495328937,-3.5167636133856695,0.6907571806582576,-0.4647717594735561
17.380752781286077,-3.5167636133856695,0.5785352217829757,-0.4517712301374731
17.898473067243224,-3.5167636133856695,0.472336967461782,-0.2787684950367817
-6.952100658699617,-3.1035727214207087,-0.7104843852067365,-0.38541622609359033
-6.434380372742474,-3.1035727214207087,-0.730224439241415,-0.36586502832095574
-5.916660086785332,-3.1035727214207087,-0.6145512601295867,-0.4386549630606947
-5.39893980082819,-3.1035727214207087,-0.7365917328419727,-0.4169661288474279
-4.881219514871047,-3.1035727214207087,-0.9046209372430847,-0.4123158328364107
-4.363499228913905,-3.1035727214207087,-0.9197400440649747,-0.27814031017178265
-3.8457789429567626,-3.1035727214207087,-0.737252503924814,-0.16546137873220645
-3.3280586569996196,-3.1035727214207087,-0.4676541767347273,-0.4582635306155561
-0.739457227213907,-3.1035727214207087,0.1373793612958122,0.7422829521398203
-0.2217369412567649,-3.1035727214207087,0.2360498019872059,0.6162142199244944
0.2959833447003781,-3.1035727214207087,-0.023802058887554593,0.6195146993788283
14.792151351500367,-3.1035727214207087,0.6574241962735454,-0.48365126127686864
15.30987163745751,-3.1035727214207087,0.44497246311976835,-0.13569457291176834
15.827591923414653,-3.1035727214207087,0.5122324276041293,-0.48789559280846034
16.34531220937179,-3.1035727214207087,0.6971445380462229,-0.5247374993245466
16.863032495328937,-3.1035727214207087,0.6127396299001758,-0.7065352527890425
17.380752781286077,-3.1035727214207087,0.6721768080206315,-0.5478571874092233
17.898473067243224,-3.1035727214207087,0.5397792070188986,-0.4351341690754824
-5.916660086785332,-2.690381829455748,-0.6880234709799072,-0.3906398321678088
-5.39893980082819,-2.690381829455748,-0.7830273263041774,-0.42509826645420756
-4.881219514871047,-2.690381829455748,-0.8779876878453915,-0.3299555521768404
-4.363499228913905,-2.690381829455748,-0.8413302671658508,-0.14126276330483176
-3.8457789429567626,-2.690381829455748,-0.7628175727518708,-0.28894605028479914
-3.3280586569996196,-2.690381829455748,-0.6941600141729973,-0.3955634670564532
-2.8103383710424774,-2.690381829455748,-0.561072576491611,-0.6095603300155771
-0.739457227213907,-2.690381829455748,-0.03338470149169767,0.6867710021149204
-0.2217369412567649,-2.690381829455748,0.09279436335661859,0.6024909388951428
0.2959833447003781,-2.690381829455748,0.053713065081466047,0.5468288431210403
14.274431065543224,-2.690381829455748,0.6050543397533951,-0.5944223944861626
14.792151351500367,-2.690381829455748,0.685479713602804,-0.8228818449168226
15.30987163745751,-2.690381829455748,0.39609368192405564,-0.7305289451177188
15.827591923414653,-2.690381829455748,0.16342885505410112,-0.6157535995542265
16.34531220937179,-2.690381829455748,0.40165785726286396,-0.8123620626622801
16.863032495328937,-2.690381829455748,0.5521246052388138,-0.8462394757738219
17.380752781286077,-2.690381829455748,0.7389109782654614,-0.7609391821154264
-5.39893980082819,-2.2771909374907873,-0.761070624127732,-0.30452825893153107
-4.881219514871047,-2.2771909374907873,-0.7870530723173009,-0.20984727056030303
-4.363499228913905,-2.2771909374907873,-0.8954603358433462,-0.12779342849586195
-3.8457789429567626,-2.2771909374907873,-0.8327560316947101,-0.35106381728306424
-3.3280586569996196,-2.2771909374907873,-0.7117352784312929,-0.38374900696046216
-2.8103383710424774,-2.2771909374907873,-0.6661558710446792,-0.3393831145486883
-2.2926180850853353,-2.2771909374907873,-0.6328763860248343,-0.35979360379881636
-1.25717751317105,-2.2771909374907873,-0.8683950379715399,0.5932213859033588
-0.739457227213907,-2.2771909374907873,-0.1242781608894401,0.721597069308503
-0.2217369412567649,-2.2771909374907873,-0.024175905439111085,0.6608080820023643
13.756710779586081,-2.2771909374907873,0.46215081493382315,-0.8278941165559127
14.274431065543224,-2.2771909374907873,0.1636953519489971,-0.9449880500241077
14.792151351500367,-2.2771909374907873,0.3638211774838157,-1.1351358288034767
15.30987163745751,-2.2771909374907873,0.5962462309860117,-1.0035758116360525
15.827591923414653,-2.2771909374907873,0.256941054756378,-0.8706192505629102
16.34531220937179,-2.2771909374907873,0.16208549890675167,-0.8830235348891827
16.863032495328937,-2.2771909374907873,0.5220145587400254,-0.807950696629462
-3.8457789429567626,-1.8640000455258257,-0.880835658675146,-0.2903708117157912
-3.3280586569996196,-1.8640000455258257,-0.6710625316397971,-0.29183938145603916
-2.8103383710424774,-1.8640000455258257,-0.6366392338167188,-0.15038722058662646
-2.2926180850853353,-1.8640000455258257,-0.6187634583810687,-0.25106572864866744
-1.7748977991281922,-1.8640000455258257,-0.8328015860610973,0.0019687980757944453
-1.25717751317105,-1.8640000455258257,-0.7025862084885556,0.5895109471987307
-0.739457227213907,-1.8640000455258257,-0.2810826408564457,0.6917268114826594
-0.2217369412567649,-1.8640000455258257,-0.205585219860577,0.716799804005861
13.756710779586081,-1.8640000455258257,0.4062489897419477,-1.0901425622390135
14.274431065543224,-1.8640000455258257,-0.04868033919799718,-1.1272768099357036
14.792151351500367,-1.8640000455258257,0.40786882160278076,-1.0749340009898432
15.30987163745751,-1.8640000455258257,0.6932610889499651,-1.0838576399851914
15.827591923414653,-1.8640000455258257,0.3846312191430606,-1.195034178322243
16.34531220937179,-1.8640000455258257,0.3755091788510479,-0.9314260284109726
16.863032495328937,-1.8640000455258257,0.40433546311531243,-0.8415972668751974
-3.3280586569996196,-1.450809153560865,-0.6187682888577786,-0.2112714420922713
-2.8103383710424774,-1.450809153560865,-0.6578160652067058,-0.19919362264645582
-2.2926180850853353,-1.450809153560865,-0.5880705888160059,-0.17441639054656524
-1.7748977991281922,-1.450809153560865,-0.6409629935616273,-0.0686746064530319
-1.25717751317105,-1.450809153560865,-0.5482119725711762,0.47714745760824523
-0.739457227213907,-1.450809153560865,-0.14003136248935635,0.6794770753702962
-0.2217369412567649,-1.450809153560865,0.30804216241496235,0.8025308968179268
13.756710779586081,-1.450809153560865,0.38244087800508036,-1.082332680890193
14.274431065543224,-1.450809153560865,0.1797232414578621,-1.0382712801970528
14.792151351500367,-1.450809153560865,0.3310183306568047,-0.8796626784384405
15.30987163745751,-1.450809153560865,0.38469718008103415,-1.0539898998421464
15.827591923414653,-1.450809153560865,0.5807402273714285,-1.041137601231901
16.34531220937179,-1.450809153560865,0.7289292576404995,-0.9276649751668885
16.863032495328937,-1.450809153560865,0.4865373575644289,-0.9934551832675039
-2.2926180850853353,-1.0376182615959042,-0.5643493590914112,-0.06422901912933007
-1.7748977991281922,-1.0376182615959042,-0.4894651762456526,0.020917315224172714
-1.25717751317105,-1.0376182615959042,-0.26563843396956516,0.4052255091446569
-0.739457227213907,-1.0376182615959042,0.2485399204562361,0.4749024326256086
-0.2217369412567649,-1.0376182615959042,0.45183064715888166,0.682254258792014
0.2959833447003781,-1.0376182615959042,0.7423326681145471,0.5906686596697243
13.238990493628938,-1.0376182615959042,0.6230310277566898,-0.9768249106395337
13.756710779586081,-1.0376182615959042,0.38599635135085364,-1.0268325009798116
14.274431065543224,-1.0376182615959042,0.3255979730870363,-1.0589334079262487
14.792151351500367,-1.0376182615959042,0.3667442962955204,-0.970212551083513
15.30987163745751,-1.0376182615959042,0.4727358957489536,-0.8927201464787062
15.827591923414653,-1.0376182615959042,0.5744572148433644,-0.8111682279948996
16.34531220937179,-1.0376182615959042,0.4659690744302888,-1.01248055399099
-1.25717751317105,-0.6244273696309435,-0.3378853246693106,0.30643323327722005
-0.739457227213907,-0.6244273696309435,0.49093081525613136,0.2234267177791068
-0.2217369412567649,-0.6244273696309435,0.7286479346469079,0.2868527788696156
0.2959833447003781,-0.6244273696309435,0.7476838116360748,0.2992771145282588
0.8137036306575194,-0.6244273696309435,0.6943323848975195,0.12153724325258138
1.3314239166146624,-0.6244273696309435,0.7483770316968864,0.12742927812443391
1.8491442025718055,-0.6244273696309435,0.839903578720842,0.25239172649374225
13.238990493628938,-0.6244273696309435,0.4176850797587884,-0.96235580116548
13.756710779586081,-0.6244273696309435,0.3685884700921734,-1.0138082868102214
14.274431065543224,-0.6244273696309435,0.27543277212652345,-1.0893274934699289
14.792151351500367,-0.6244273696309435,0.5070348790391842,-1.0308400883491948
15.30987163745751,-0.6244273696309435,0.52827943856740045,-1.0726712286031095
15.827591923414653,-0.6244273696309435,0.4315730676276984,-0.9888949780236753
16.34531220937179,-0.6244273696309435,0.4135858493831056,-1.0769576541926067
-1.25717751317105,-0.21123647766598275,-0.3924525760214926,0.5124744803387455
-0.739457227213907,-0.21123647766598275,0.3742253232535447,0.4466787223045144
-0.2217369412567649,-0.21123647766598275,0.6988082781055309,0.061934512942463896
0.2959833447003781,-0.21123647766598275,0.7472956371678988,0.11705283366806798
0.8137036306575194,-0.21123647766598275,0.7317618381950096,0.03692376247772968
1.3314239166146624,-0.21123647766598275,0.8397028930602592,0.12126894485507783
1.8491442025718055,-0.21123647766598275,0.9197275942941906,0.1529948388214048
2.3668644885289467,-0.21123647766598275,0.8270871133047105,0.39453263057585486
2.8845847744860897,-0.21123647766598275,0.8895063013180398,0.5155229258647359
3.4023050604432328,-0.21123647766598275,1.0235640067117384,0.5094516474736887
12.721270207671799,-0.21123647766598275,0.5998430462408847,-0.9474668957077229
13.238990493628938,-0.21123647766598275,0.5105656752509541,-0.838697008650178
13.756710779586081,-0.21123647766598275,0.206366189057516,-0.9917716262352365
14.274431065543224,-0.21123647766598275,0.24131721182679555,-1.0930680990940573
14.792151351500367,-0.21123647766598275,0.29526348249414897,-1.049031659460101
15.30987163745751,-0.21123647766598275,0.4812013814319534,-1.1385005806036477
15.827591923414653,-0.21123647766598275,0.5229435684292308,-1.0451856699658677
16.34531220937179,-0.21123647766598275,0.47905068352822777,-0.916892706107793
-1.7748977991281922,0.20195441429897887,-0.5845892460849593,0.5735781472717151
-1.25717751317105,0.20195441429897887,-0.4974847498075173,0.6422901485851616
-0.739457227213907,0.20195441429897887,-0.04096075275603616,0.5488740869308902
-0.2217369412567649,0.20195441429897887,0.6269691967955141,0.10760930715812113
0.2959833447003781,0.20195441429897887,0.76463890635763,0.046552543634089075
0.8137036306575194,0.20195441429897887,0.6992442681467705,0.173530920898914
1.3314239166146624,0.20195441429897887,0.8135626955900176,0.21070688518878197
1.8491442025718055,0.20195441429897887,0.9976216186702465,-0.002054410252616062
2.3668644885289467,0.20195441429897887,1.0812039749218365,0.25146854744596037
2.8845847744860897,0.20195441429897887,1.017228292371427,0.5889950585585665
3.4023050604432328,0.20195441429897887,0.828355032910271,0.6668470018309762
3.920025346400374,0.20195441429897887,0.8491611377637626,0.3937059633056335
4.437745632357517,0.20195441429897887,1.0499294170990665,0.4431356772408526
12.721270207671799,0.20195441429897887,0.5534913504797452,-0.9588913697274521
13.238990493628938,0.20195441429897887,0.41129421962685087,-1.1336084483103663
13.756710779586081,0.20195441429897887,-0.002070257565353893,-1.1879827995866559
14.274431065543224,0.20195441429897887,0.13806432361465074,-1.2303286008442367
14.792151351500367,0.20195441429897887,0.31945887147296803,-1.2069175863665327
15.30987163745751,0.20195441429897887,0.466700026411768,-1.0900038394639306
15.827591923414653,0.20195441429897887,0.7008350544715375,-1.1172957963748016
-2.2926180850853353,0.6151453062639396,-0.4249488586729379,0.5432213382196714
-1.7748977991281922,0.6151453062639396,-0.37614163534650236,0.5160714587347927
-1.25717751317105,0.6151453062639396,-0.529534987014224,0.5929554382340398
-0.739457227213907,0.6151453062639396,-0.33051215181504134,0.6305066310757323
-0.2217369412567649,0.6151453062639396,0.3018508862282887,0.6772295524352634
0.8137036306575194,0.6151453062639396,0.7995236076417435,0.2810182795159425
1.3314239166146624,0.6151453062639396,0.7408730904162766,0.2744550874161138
1.8491442025718055,0.6151453062639396,0.9663319038328019,0.22868341508900952
2.3668644885289467,0.6151453062639396,1.200755485868361,0.14505316058471862
2.8845847744860897,0.6151453062639396,1.1537921598029104,0.16321937870382555
3.4023050604432328,0.6151453062639396,0.8874018526679386,0.349803926426974
3.920025346400374,0.6151453062639396,0.8515476214474685,0.4851646566203646
4.437745632357517,0.6151453062639396,0.9468092256894552,0.5208209402530533
4.95546591831466,0.6151453062639396,1.152699074553004,0.25020902432262965
5.473186204271803,0.6151453062639396,1.0240715656744834,0.06749925686387973
5.990906490228944,0.6151453062639396,0.6369125823592238,0.1790542181924276
12.721270207671799,0.6151453062639396,0.24204673736401544,-0.9116948922615885
13.238990493628938,0.6151453062639396,0.1321283555917548,-1.140231998390473
13.756710779586081,0.6151453062639396,0.045717925050715626,-1.1557066169796697
14.274431065543224,0.6151453062639396,0.1617261609338158,-1.0675445177133536
14.792151351500367,0.6151453062639396,0.504385422071097,-0.9724760474501366
15.30987163745751,0.6151453062639396,0.5710710769899393,-0.9397324967961085
-2.2926180850853353,1.0283361982289003,-0.45655728814767965,0.6047761233994144
-1.7748977991281922,1.0283361982289003,-0.5058801535716613,0.5607019298707363
-1.25717751317105,1.0283361982289003,-0.3522894739137091,0.7278959489785409
-0.739457227213907,1.0283361982289003,0.008294730841491538,0.988317179763773
-0.2217369412567649,1.0283361982289003,0.2626537753753441,1.0282122794840665
1.3314239166146624,1.0283361982289003,0.785977301064844,0.3386264179481077
1.8491442025718055,1.0283361982289003,0.9354806262532348,0.4056295452898648
2.3668644885289467,1.0283361982289003,1.0739614203235772,0.14115137765352107
2.8845847744860897,1.0283361982289003,1.162940313694793,-0.054573341998998354
3.4023050604432328,1.0283361982289003,1.0701432314907173,0.20575337350629969
3.920025346400374,1.0283361982289003,0.9595087230391235,0.46707870585091016
4.437745632357517,1.0283361982289003,0.944674017107766,0.5144453098408569
4.95546591831466,1.0283361982289003,0.9948960941016605,0.36961007843761184
5.473186204271803,1.0283361982289003,0.9388291983435507,-0.1399175070208428
5.990906490228944,1.0283361982289003,0.7534265785560215,0.24285708958266247
6.508626776186087,1.0283361982289003,0.707675707994288,0.3628577555921192
12.721270207671799,1.0283361982289003,0.027093057663507343,-1.0889904010859348
13.238990493628938,1.0283361982289003,0.017684261644428018,-1.0892752651195978
13.756710779586081,1.0283361982289003,0.1627012409275304,-0.930651098105474
14.274431065543224,1.0283361982289003,0.561573165189622,-0.5522049381521692
14.792151351500367,1.0283361982289003,0.6050429647738351,-0.6060003112370873
-2.8103383710424774,1.441527090193861,-0.6005730108596552,0.7131254931291069
-2.2926180850853353,1.441527090193861,-0.4130419353497051,0.5070575503761922
-1.7748977991281922,1.441527090193861,-0.14196530886025238,0.7606797892661332
-1.25717751317105,1.441527090193861,0.16009337630127907,0.8113710743194824
-0.739457227213907,1.441527090193861,0.23737437885238927,1.1005870356913712
-0.2217369412567649,1.441527090193861,0.299804402475243,1.0646947445134418
1.8491442025718055,1.441527090193861,0.858358896012665,0.4263995113725093
2.3668644885289467,1.441527090193861,0.9612852008575962,0.3240650403899929
2.8845847744860897,1.441527090193861,1.172986951115194,0.28458687464809923
3.4023050604432328,1.441527090193861,1.1577351785809817,0.37366947411126483
3.920025346400374,1.441527090193861,1.0531332367924806,0.3345988656522787
4.437745632357517,1.441527090193861,0.926038407471965,0.35062786371423976
4.95546591831466,1.441527090193861,0.7987834609909454,0.26982642778452515
5.473186204271803,1.441527090193861,0.9199973690165121,0.09572226960865363
5.990906490228944,1.441527090193861,0.9043174433075811,0.22519967459799578
6.508626776186087,1.441527090193861,0.7177159814160361,0.3379310668438343
7.0263470621432305,1.441527090193861,0.7770895193694967,0.28478424068671765
7.544067348100372,1.441527090193861,0.9194420713573789,0.29658052970872467
8.061787634057515,1.441527090193861,0.9514564779535934,0.07857244380212465
12.721270207671799,1.441527090193861,0.2045779045455754,-1.1012073609617916
13.238990493628938,1.441527090193861,0.4349928136482458,-0.9605605384493461
13.756710779586081,1.441527090193861,0.74447514085936906,-0.7835382786629943
14.274431065543224,1.441527090193861,0.6496837369644505,-0.5058074151386084
14.792151351500367,1.441527090193861,0.22891944164913042,-0.7800404762801838
-2.8103383710424774,1.8547179821588218,-0.5876020951259154,0.772204622494733
-2.2926180850853353,1.8547179821588218,-0.4254096620854913,0.8966644430947601
-1.7748977991281922,1.8547179821588218,-0.04770957292293937,0.8922607628376715
-1.25717751317105,1.8547179821588218,0.3808554836456162,0.8812620159692299
-0.739457227213907,1.8547179821588218,0.46556942382274596,1.0030500484588776
-0.2217369412567649,1.8547179821588218,0.17104407582530612,0.9042173800139826
2.3668644885289467,1.8547179821588218,0.9787826849510352,0.5483959724193735
2.8845847744860897,1.8547179821588218,1.1814812368010843,0.4156457536668641
3.4023050604432328,1.8547179821588218,1.0678732851249422,0.32634560002615093
3.920025346400374,1.8547179821588218,0.9360760698822747,0.28718612877425753
4.437745632357517,1.8547179821588218,0.932296765222551,0.09751509317290373
4.95546591831466,1.8547179821588218,0.886955730865419,0.14592587859996578
5.473186204271803,1.8547179821588218,0.9271423626144895,0.16750343012978863
5.990906490228944,1.8547179821588218,0.8755420916437248,0.1373671427460056
6.508626776186087,1.8547179821588218,0.7320971795391511,0.33240066926150713
7.0263470621432305,1.8547179821588218,0.7539219907772637,0.31241804014887314
7.544067348100372,1.8547179821588218,0.8867793138261688,0.16408371721745038
8.061787634057515,1.8547179821588218,0.9084578700698633,0.08891480883531062
8.579507920014658,1.8547179821588218,0.969620668627196,0.14466957798404897
9.0972282059718,1.8547179821588218,1.1009126326962486,0.10011667592724387
9.614948491928944,1.8547179821588218,1.1291482745416999,0.0460654773102461
10.132668777886083,1.8547179821588218,1.0619672316311677,0.18333388454377555
10.650389063843226,1.8547179821588218,1.0979519695510203,0.4139589831110274
12.203549921714655,1.8547179821588218,0.90499370821037,-0.5873720709039604
12.721270207671799,1.8547179821588218,0.36231988747783933,-0.737116355102986
13.238990493628938,1.8547179821588218,0.5065479524615514,-0.6206491579150093
13.756710779586081,1.8547179821588218,0.7669755978699301,-0.606874680718939
14.274431065543224,1.8547179821588218,0.6988752268716848,-0.6245267984810791
14.792151351500367,1.8547179821588218,0.36022937121780113,-0.6079233188989581
-3.3280586569996196,2.2679088741237825,-0.5964497076241412,0.7948537943234573
-2.8103383710424774,2.2679088741237825,-0.38862262201573516,0.7584874689589308
-2.2926180850853353,2.2679088741237825,-0.20881054284136888,1.0432821955985776
-1.7748977991281922,2.2679088741237825,-0.13097973861682763,1.1662435926442334
-1.25717751317105,2.2679088741237825,0.35393613373774074,1.2044929864931053
-0.739457227213907,2.2679088741237825,0.21930143572459654,1.1341219879867532
-0.2217369412567649,2.2679088741237825,-0.017422561257145208,1.1997653948057314
3.4023050604432328,2.2679088741237825,1.0767724558243335,0.1389383813966894
3.920025346400374,2.2679088741237825,0.9363315776675428,0.1680484653890204
4.437745632357517,2.2679088741237825,0.8757143349533459,-0.010765061306214086
4.95546591831466,2.2679088741237825,0.8601306944431032,-0.01048358741149511
5.473186204271803,2.2679088741237825,0.9172784403123194,-0.016531564681712716
5.990906490228944,2.2679088741237825,0.9717060909945405,0.1267442727384187
6.508626776186087,2.2679088741237825,0.8128997229796918,0.2935734705510088
7.0263470621432305,2.2679088741237825,0.6837582613246855,0.345624285458332
7.544067348100372,2.2679088741237825,0.8276930838564862,0.24503134324150763
8.061787634057515,2.2679088741237825,0.9486993629981763,0.06594775217570122
8.579507920014658,2.2679088741237825,0.9335017669277044,0.37021692286988606
9.0972282059718,2.2679088741237825,1.0655501649909211,0.10376000528657778
9.614948491928944,2.2679088741237825,1.1415651276914287,0.32561884918724104
10.132668777886083,2.2679088741237825,1.1396923304238193,0.37511456199201143
10.650389063843226,2.2679088741237825,1.176191661738309,0.41299880546360646
11.16810934980037,2.2679088741237825,1.1505417139505816,0.32662086785668837
11.685829635757512,2.2679088741237825,1.1353767624294797,-0.14680052746644248
12.203549921714655,2.2679088741237825,0.8743574835840539,-0.5014338498879714
12.721270207671799,2.2679088741237825,0.48173893928728156,-0.5865117579215077
13.238990493628938,2.2679088741237825,0.5757106161036077,-0.5802240268570327
13.756710779586081,2.2679088741237825,0.8004523324619321,-0.4006840909062856
-3.3280586569996196,2.6810997660887432,-0.3361259057986954,0.8506226256078983
-2.8103383710424774,2.6810997660887432,-0.23696091070965125,1.0282549682761464
-2.2926180850853353,2.6810997660887432,0.2824010566114918,1.0242825209064363
-1.7748977991281922,2.6810997660887432,0.2767105451152512,1.269334689850234
-1.25717751317105,2.6810997660887432,0.22588925627185583,1.3402561480268764
-0.739457227213907,2.6810997660887432,0.34585539214379807,1.2311682680484997
-0.2217369412567649,2.6810997660887432,0.14030580691907407,1.3806091400836862
6.508626776186087,2.6810997660887432,0.8322344475593837,0.27413681071939316
7.0263470621432305,2.6810997660887432,0.716437052810834,0.35565616212497747
7.544067348100372,2.6810997660887432,0.717901640741517,0.4214840908605891
8.061787634057515,2.6810997660887432,0.9805581939194632,0.2384373073035306
8.579507920014658,2.6810997660887432,0.9622295582630778,0.38970889372411116
9.0972282059718,2.6810997660887432,1.100318605061779,0.206149542312739
9.614948491928944,2.6810997660887432,1.2662423660440123,0.15297750412105451
10.132668777886083,2.6810997660887432,1.113450448571944,0.2585500075427925
10.650389063843226,2.6810997660887432,1.0816213143078242,0.34779284422706397
11.16810934980037,2.6810997660887432,1.040684777067883,0.28882608145465244
11.685829635757512,2.6810997660887432,0.9978478642784988,0.12473098303481026
12.203549921714655,2.6810997660887432,0.8222370253676048,-0.2173674668468864
12.721270207671799,2.6810997660887432,0.5127541209377594,-0.38488526284854124
13.238990493628938,2.6810997660887432,0.663624060542312,-0.33153575047909034
-3.3280586569996196,3.094290658053704,-0.0251375982865531,0.9943774535319703
-2.8103383710424774,3.094290658053704,-0.018484420662867127,1.130811617022505
-2.2926180850853353,3.094290658053704,0.27606144586776116,1.2071895600476283
-1.7748977991281922,3.094290658053704,0.45105476898058683,1.2032380400245928
-1.25717751317105,3.094290658053704,0.2823803972533803,1.2785382953246203
-0.739457227213907,3.094290658053704,0.2498274123676686,1.368747827665317
-0.2217369412567649,3.094290658053704,0.23910098305621785,1.3678937722006341
0.2959833447003781,3.094290658053704,0.49378230771536247,1.4102971355359326
7.544067348100372,3.094290658053704,0.7922069320152466,0.29828818467077717
8.061787634057515,3.094290658053704,0.9292703872253882,0.44112449342131327
8.579507920014658,3.094290658053704,0.9514082752329196,0.2131524505272146
9.0972282059718,3.094290658053704,0.9255524198974145,0.3947448480988527
9.614948491928944,3.094290658053704,1.186202007301541,0.16060298539965884
10.132668777886083,3.094290658053704,1.250269677543834,0.09285475638662409
10.650389063843226,3.094290658053704,1.2127791070380816,0.15390257399239093
11.16810934980037,3.094290658053704,1.0478596495155696,0.12928390636853715
11.685829635757512,3.094290658053704,0.8864162452859987,0.18687591082343852
12.203549921714655,3.094290658053704,0.713165067642955,0.031581383832818694
12.721270207671799,3.094290658053704,0.5242174961785667,0.25046730974884274
-3.3280586569996196,3.5074815500186665,0.14289397942779375,1.1385077810909434
-2.8103383710424774,3.5074815500186665,0.20439840024650666,1.234579439950457
-2.2926180850853353,3.5074815500186665,0.39996155088025254,1.3608518374964658
-1.7748977991281922,3.5074815500186665,0.3835510127510126,1.3508935213178717
-1.25717751317105,3.5074815500186665,0.4619676418482244,1.3639857915814513
-0.739457227213907,3.5074815500186665,0.48183027725813216,1.2993740994444305
-0.2217369412567649,3.5074815500186665,0.30930281226048734,1.2477339220363763
0.2959833447003781,3.5074815500186665,0.2850564267887692,1.2948116218995283
8.061787634057515,3.5074815500186665,0.94590838840306,0.32091121897231895
8.579507920014658,3.5074815500186665,0.9665886538185433,0.12739293697564838
9.0972282059718,3.5074815500186665,1.087522644339337,0.26060957200042784
9.614948491928944,3.5074815500186665,1.0886644978677695,0.5628947311555923
10.132668777886083,3.5074815500186665,1.108411884463188,0.2854294901186295
10.650389063843226,3.5074815500186665,1.1175789115971417,0
11.16810934980037,3.5074815500186665,1.0468568335190582,-0.13590500435150818
11.685829635757512,3.5074815500186665,0.9429059666230021,0.0291127648680837
12.203549921714655,3.5074815500186665,0.7957814627210628,0.2955207859134021
12.721270207671799,3.5074815500186665,0.6099040827230432,0.4899143619811375
13.238990493628938,3.5074815500186665,0.4456028320062571,0.502371411974176
-3.3280586569996196,3.920672441983627,0.4957874114923576,1.050504714599823
-2.8103383710424774,3.920672441983627,0.43926890154112397,1.3004867887230427
-2.2926180850853353,3.920672441983627,0.49583070055816464,1.3088407565235889
-1.7748977991281922,3.920672441983627,0.4382718333846001,1.3297466046979625
-1.25717751317105,3.920672441983627,0.1910025889944659,1.418630923356197
-0.739457227213907,3.920672441983627,-0.01161051113544503,1.094384307669925
-0.2217369412567649,3.920672441983627,0.2606454991934686,0.915059570722195
0.2959833447003781,3.920672441983627,0.6287198688697052,1.0430422235691734
8.579507920014658,3.920672441983627,0.9349174980119671,0.22264002461781468
9.0972282059718,3.920672441983627,1.2199392577075254,0.13228257011286465
9.614948491928944,3.920672441983627,1.1765801662222535,0.3811456876494619
10.132668777886083,3.920672441983627,0.9034371122551305,0.3569863600970774
10.650389063843226,3.920672441983627,1.0061231520071638,0.01914485349973068
11.16810934980037,3.920672441983627,1.0364410317435448,-0.34997683429084114
11.685829635757512,3.920672441983627,1.0788904781462334,0.26002701013863405
12.203549921714655,3.920672441983627,0.8624470595406013,0.5117458381729056
12.721270207671799,3.920672441983627,0.5167011350147479,0.5529893698637923
13.238990493628938,3.920672441983627,0.2926549186684697,0.617693783255171
-3.3280586569996196,4.333863333948588,0.4696732672820071,1.0586230161571089
-2.8103383710424774,4.333863333948588,0.6428286579201986,1.1863165922393093
-2.2926180850853353,4.333863333948588,0.4884786490241772,1.224461438483266
-1.7748977991281922,4.333863333948588,0.5765784704527391,1.141618961507869
-1.25717751317105,4.333863333948588,9.563023407190715e-4,1.2859078808199516
-0.739457227213907,4.333863333948588,-0.41247678368259344,1.119972349366306
-0.2217369412567649,4.333863333948588,0.3764682007260587,1.1907817194717918
0.2959833447003781,4.333863333948588,0.8641006977150802,1.231861082934298
0.8137036306575194,4.333863333948588,0.8877264737617677,1.2002017991997176
10.132668777886083,4.333863333948588,0.8755983213863189,0.3208768948855502
10.650389063843226,4.333863333948588,0.7188608605477026,0.07205629778181415
11.16810934980037,4.333863333948588,1.1673605257758115,-0.15318778149160744
11.685829635757512,4.333863333948588,1.2451771034460286,0.7112030838782657
12.203549921714655,4.333863333948588,0.8198020344223039,0.5415282649771757
12.721270207671799,4.333863333948588,0.4891714148513828,0.619513267428554
13.238990493628938,4.333863333948588,0.4154376707981791,0.7080416072017037
-3.3280586569996196,4.747054225913549,0.356701680834881,1.3380013256212935
-2.8103383710424774,4.747054225913549,0.7240288257991283,1.1617997700995113
-2.2926180850853353,4.747054225913549,0.37517016938397596,1.426480355146629
-1.7748977991281922,4.747054225913549,0.46907574832114834,1.3106441655853327
-1.25717751317105,4.747054225913549,0.11790300968202125,1.2669741450256617
-0.739457227213907,4.747054225913549,-0.12017053025249826,1.4857697367374152
-0.2217369412567649,4.747054225913549,0.5131461999725767,1.3994646364739778
0.2959833447003781,4.747054225913549,0.7114755885817209,1.3253991814865902
0.8137036306575194,4.747054225913549,0.6113800088556323,1.09996286089796
10.650389063843226,4.747054225913549,0.7246178350678227,0.12541462530020034
12.203549921714655,4.747054225913549,0.38643078628138855,0.7733357207668029
12.721270207671799,4.747054225913549,0.49834422932459155,0.7294200451566669
13.238990493628938,4.747054225913549,0.5000012170083606,0.8069967828917338
13.756710779586081,4.747054225913549,0.389087657426014,0.6792014692887429
-3.3280586569996196,5.160245117878509,0.5558312916413332,1.266916099711267
-2.8103383710424774,5.160245117878509,0.7459087486815774,1.3010354136036302
-2.2926180850853353,5.160245117878509,0.596821308512077,1.3446590265542882
-1.7748977991281922,5.160245117878509,0.17545244830529516,1.3883883221487432
-1.25717751317105,5.160245117878509,0.3181001559256132,1.1887952424068247
-0.739457227213907,5.160245117878509,-0.011970055643556885,1.5409451631805575
-0.2217369412567649,5.160245117878509,0.16513919505383423,1.5001048919117224
0.2959833447003781,5.160245117878509,0.48135036764726064,1.146339197472282
0.8137036306575194,5.160245117878509,0.26164055058015495,1.032710643760488
11.685829635757512,5.160245117878509,0.8360975673540838,0.7912303214057808
12.203549921714655,5.160245117878509,0.1359587424987853,0.8117683160183786
12.721270207671799,5.160245117878509,0.48189399485107837,0.8804775024567163
13.238990493628938,5.160245117878509,0.2724633706937829,0.7924428375654035
13.756710779586081,5.160245117878509,0.0017111046375832743,0.4791092985237545
-3.3280586569996196,5.57343600984347,0.6584163836659398,1.3855068787775557
-2.8103383710424774,5.57343600984347,0.7095569281520574,1.5608818005070013
-2.2926180850853353,5.57343600984347,0.3759398164994278,1.4005878125974953
-1.7748977991281922,5.57343600984347,0.10538818149881504,1.3026104695374325
-1.25717751317105,5.57343600984347,0.46696922977807465,1.1547533666605059
-0.739457227213907,5.57343600984347,0.4745747740053786,1.2213183373216887
-0.2217369412567649,5.57343600984347,-0.12324715002279775,1.4915643978314588
0.2959833447003781,5.57343600984347,-0.07104106189725559,1.3136364778895795
0.8137036306575194,5.57343600984347,0.2037598599269049,1.3201429478999251
1.3314239166146624,5.57343600984347,0.2638584101548281,1.366704108848831
11.685829635757512,5.57343600984347,-0.1561857923491012,0.8998635449998593
12.203549921714655,5.57343600984347,0.292464652013598,1.0082025787705056
12.721270207671799,5.57343600984347,0.4045666833448668,0.9992492893142055
13.238990493628938,5.57343600984347,-0.23625924313427651,0.72226284602008894
13.756710779586081,5.57343600984347,-0.06130236580764603,0.5784970382537881
14.274431065543224,5.57343600984347,0.3523164796117957,0.5700676371496433
-3.3280586569996196,5.986626901808431,0.9628234332406495,1.3474577816354993
-2.8103383710424774,5.986626901808431,0.6605503644695025,1.403041750541862
-2.2926180850853353,5.986626901808431,-0.06890147783388982,1.3903964885967066
-1.7748977991281922,5.986626901808431,-0.258255410301079,1.3193284065794195
-1.25717751317105,5.986626901808431,0.20558942168469932,1.392533448294947
-0.739457227213907,5.986626901808431,0.6083651597309401,1.1202664992085598
-0.2217369412567649,5.986626901808431,0.3098776616078081,1.176861467019225
0.2959833447003781,5.986626901808431,0.0951185833884787,1.358449895038624
0.8137036306575194,5.986626901808431,0.3206460096761343,1.3757309790719896
1.3314239166146624,5.986626901808431,0.1598398986154753,1.2799902815569284
11.685829635757512,5.986626901808431,0.23936732843318295,0.9798211016169924
12.203549921714655,5.986626901808431,0.3235563449101641,1.088030432158846
12.721270207671799,5.986626901808431,-0.02782756467803547,0.9275854892678892
13.238990493628938,5.986626901808431,-0.4988333872666752,0.8979000970800137
13.756710779586081,5.986626901808431,-0.14690532103359716,1.1204704609204488
14.274431065543224,5.986626901808431,0.40027730979236775,1.107549912834181
-2.8103383710424774,6.3998177937733915,0.7477545975358687,0.9781402526983022
-2.2926180850853353,6.3998177937733915,0.12256816336498663,1.160709971121159
-1.7748977991281922,6.3998177937733915,0.1230906630218334,1.3129670722328848
-1.25717751317105,6.3998177937733915,0.17219976816927499,1.360258585364928
-0.739457227213907,6.3998177937733915,0.07808551145702805,1.1995844074489992
-0.2217369412567649,6.3998177937733915,0.23340898988566983,0.9896702420886359
0.2959833447003781,6.3998177937733915,0.4823848859292644,0.7190801194568729
0.8137036306575194,6.3998177937733915,0.08925204575300874,0.8172296256378819
1.3314239166146624,6.3998177937733915,-0.3208676884606616,0.5758206967336644
11.685829635757512,6.3998177937733915,0.38674103018368805,0.8078081873067602
12.203549921714655,6.3998177937733915,0.21318114034382823,0.8147607966565534
12.721270207671799,6.3998177937733915,0.1477664958357163,0.8217977210265436
13.238990493628938,6.3998177937733915,0.19955899878242053,1.1140535031846122
13.756710779586081,6.3998177937733915,0.2666723341471734,1.271190724195043
14.274431065543224,6.3998177937733915,0.2506697542719745,1.2005410097932436
-2.8103383710424774,6.813008685738352,0.6658415699366186,0.7719902260134701
-2.2926180850853353,6.813008685738352,0.3988831633267613,1.004791238418176
-1.7748977991281922,6.813008685738352,0.13094200085179125,1.2390140080599152
-1.25717751317105,6.813008685738352,0,1.127620253608393
-0.739457227213907,6.813008685738352,-0.07449576742782084,1.1145007176270563
-0.2217369412567649,6.813008685738352,-0.5731164847382142,0.5168140311865422
0.2959833447003781,6.813008685738352,-0.41396865263714594,-0.2715634361299661
0.8137036306575194,6.813008685738352,0.3283644580079582,-0.5483429914000103
1.3314239166146624,6.813008685738352,-0.01275141199979998,-0.28903200532862233
11.685829635757512,6.813008685738352,0.30925830467135507,0.8423520144962785
12.203549921714655,6.813008685738352,0.33419323917061916,0.9290987195824213
12.721270207671799,6.813008685738352,0.4924275386091495,0.9999331422541269
13.238990493628938,6.813008685738352,0.3924014359251698,1.084435490043202
13.756710779586081,6.813008685738352,0.04173078857228166,1.0895119394817174
14.274431065543224,6.813008685738352,-0.07006933499410592,0.7983812549328522
14.792151351500367,6.813008685738352,0.283380371719183,0.7247795380773207
-2.2926180850853353,7.226199577703313,0.8255370115666639,0.7115790550724964
-1.7748977991281922,7.226199577703313,0.4099821299890541,0.7421256716193355
-1.25717751317105,7.226199577703313,-0.12867202425286178,0.47011543501536884
-0.739457227213907,7.226199577703313,-0.7633411762818417,0.6769630958078403
-0.2217369412567649,7.226199577703313,-1.041290314163438,0.34423129193988833
0.2959833447003781,7.226199577703313,-0.5758371022749831,-0.007117887543570537
0.8137036306575194,7.226199577703313,0.2507807123080964,-0.4270721041286444
12.203549921714655,7.226199577703313,0.42440891643747997,1.1950036283848926
12.721270207671799,7.226199577703313,0.385747458256599,1.119152410309993
13.238990493628938,7.226199577703313,0.27132600419896546,1.0689501206523648
13.756710779586081,7.226199577703313,-0.24436465261280768,1.053988315610591
14.274431065543224,7.226199577703313,-0.3613721415499064,0.7976400637319165
14.792151351500367,7.226199577703313,0.20110944388900498,0.7500696056857632
-1.7748977991281922,7.639390469668274,-0.5986919637732164,-0.22667054029488642
-1.25717751317105,7.639390469668274,0.13207442978519232,0.4464115726739464
-0.739457227213907,7.639390469668274,0.21299495610913646,-0.21969291070376648
0.2959833447003781,7.639390469668274,-0.8398611312345525,0.4340221953359759
0.8137036306575194,7.639390469668274,-0.060301665230330016,0.5746393980772317
4.437745632357517,7.639390469668274,1.6690336034723086,-0.009578032745060205
4.95546591831466,7.639390469668274,0.522613331461961,-0.14651298598789186
5.473186204271803,7.639390469668274,0.4354430179355255,0.12065400288630351
12.203549921714655,7.639390469668274,-0.05177114646173604,1.1389652221582025
12.721270207671799,7.639390469668274,0.19242255789088902,1.0865559494804071
13.238990493628938,7.639390469668274,0.2546668330174629,1.0213931238605614
13.756710779586081,7.639390469668274,-0.4168059706226438,0.9565716667918395
14.274431065543224,7.639390469668274,-0.5843359868059742,0.8733833607867707
14.792151351500367,7.639390469668274,0.03220864509458003,0.966683150799183
-1.7748977991281922,8.052581361633237,0.31996030652051416,0.27632935563135314
-1.25717751317105,8.052581361633237,0.018695991064949725,0.8110017745741606
-0.739457227213907,8.052581361633237,-0.7978337318585491,0.3170326738205152
4.437745632357517,8.052581361633237,1.6480013303877281,-0.01591791203513561
4.95546591831466,8.052581361633237,0.5458703163941143,-0.0411836315523609
5.473186204271803,8.052581361633237,0.5235822850911457,-0.013304781534452094
5.990906490228944,8.052581361633237,0,0.04049225533246798
12.203549921714655,8.052581361633237,0.11009426895321249,0.9392688221323254
12.721270207671799,8.052581361633237,0.22992612742430224,0.9879953981589069
13.238990493628938,8.052581361633237,0.10687718522134805,0.9142452552476156
13.756710779586081,8.052581361633237,-0.44190742749277745,0.8460229661426373
14.274431065543224,8.052581361633237,-0.34735668829491956,1.0360682214584918
14.792151351500367,8.052581361633237,0.1587154711769206,1.0913082514647257
-1.7748977991281922,8.465772253598196,0.15286953626919558,0.7952253029102923
-1.25717751317105,8.465772253598196,0.44228823373957965,0.21152915526675573
2.8845847744860897,8.465772253598196,2.9331741207606155,1.397481595482371e-4
3.4023050604432328,8.465772253598196,0,0.10323540004469599
4.437745632357517,8.465772253598196,1.6792193152982522,-0.027336128388577956
4.95546591831466,8.465772253598196,0.5416446314802189,0.13925910687583837
5.473186204271803,8.465772253598196,0.4648395738600956,-0.09917727457126721
12.203549921714655,8.465772253598196,0.1624253682683133,0.9476944715497634
12.721270207671799,8.465772253598196,0.16536479535931609,0.9876862653515545
13.238990493628938,8.465772253598196,0.07787980009351149,0.9389084279430003
13.756710779586081,8.465772253598196,-0.1567079351452619,0.9073033290512572
14.274431065543224,8.465772253598196,-0.18665784303463137,1.153278815892542
14.792151351500367,8.465772253598196,0.06923223253590793,1.1287391210304352
-1.7748977991281922,8.878963145563159,-0.5136514279132172,0.8006412357909044
-1.25717751317105,8.878963145563159,-0.0558569551227209,0.7537977438891316
3.4023050604432328,8.878963145563159,0.13619916941826754,0.13619916941826754
12.203549921714655,8.878963145563159,0.4213963905373356,0.8048941763582549
12.721270207671799,8.878963145563159,0.20814022147811753,0.9704950803047192
13.238990493628938,8.878963145563159,-0.05661255241500117,0.9758326627385749
13.756710779586081,8.878963145563159,0.04532265272559692,0.9032804688211681
14.274431065543224,8.878963145563159,0.060708042017869626,1.0109912597375887
14.792151351500367,8.878963145563159,-0.17376344710802924,0.9826055921569946
-1.7748977991281922,9.292154037528118,-0.02022146911152193,0.6483508533882052
-1.25717751317105,9.292154037528118,0.25818347992856366,0.8341673524237344
-0.739457227213907,9.292154037528118,0.6996274848654985,0.936343551173374
12.203549921714655,9.292154037528118,0.6467907867726705,0.7164386456240885
12.721270207671799,9.292154037528118,0.4745027846938373,0.6664083459797328
13.238990493628938,9.292154037528118,-0.09435160080014743,0.7675343705540001
13.756710779586081,9.292154037528118,-0.09642262677741455,0.7633901887957774
14.274431065543224,9.292154037528118,-0.07689656185521544,0.7047887887331322
14.792151351500367,9.292154037528118,-0.20467070086451125,0.6913321451423526
-1.7748977991281922,9.70534492949308,0.08052264635484574,0.5541422117328818
-1.25717751317105,9.70534492949308,0.7246771400461264,0.48437213124432626
-0.739457227213907,9.70534492949308,0.7548985837682083,0.7708551718498698
-0.2217369412567649,9.70534492949308,0.4751695330586019,0.5075942530564002
12.721270207671799,9.70534492949308,0.1552199784336333,0.6823821693402993
13.238990493628938,9.70534492949308,-0.02098085353099874,0.6248360442199582
13.756710779586081,9.70534492949308,-0.07332860794782246,0.7173697924818047
14.274431065543224,9.70534492949308,-0.03934105903867758,0.6969826429688755
14.792151351500367,9.70534492949308,-0.17859446308866375,0.7902678508342573
-1.7748977991281922,10.118535821458043,0.15132527455464076,0.6378172729162592
-1.25717751317105,10.118535821458043,0.787866114597272,0.5271178889649158
-0.739457227213907,10.118535821458043,0.7915848513614921,0.5171745496573154
-0.2217369412567649,10.118535821458043,0.36757711288818795,0.8299837020743079
12.721270207671799,10.118535821458043,-0.2669243054743502,0.8915095615182901
13.238990493628938,10.118535821458043,-0.043241909961814484,0.7666096630267213
13.756710779586081,10.118535821458043,0.02499672877358127,0.8687542339799464
-1.7748977991281922,10.531726713423001,0.2747599174732354,0.5664481710941043
-1.25717751317105,10.531726713423001,0.768950602456883,0.49349221861293546
-0.739457227213907,10.531726713423001,1.002908181992627,0.3586762953250682
-0.2217369412567649,10.531726713423001,0.7590870845435624,0.8554961618533922
12.721270207671799,10.531726713423001,-0.40276509109306596,0.8181165912827879
13.238990493628938,10.531726713423001,-0.10327429175380118,0.8430849892237758
13.756710779586081,10.531726713423001,0.37818524573673024,0.7959101543118595
14.274431065543224,10.531726713423001,0.662808148064102,0.8579074089888464
18.416193353200363,10.531726713423001,0.6544078495737105,-0.21157995136490962
18.93391363915751,10.531726713423001,0.668367768668189,-0.2364726793990373
19.45163392511465,10.531726713423001,0.5917518854310243,-0.09839754215019672
19.96935421107179,10.531726713423001,0.5749926822708625,-0.14840747501589405
20.487074497028935,10.531726713423001,0.5278181647334023,0.0723249380247009
21.004794782986075,10.531726713423001,0.33395159703488986,0.260385448122857
-1.7748977991281922,10.944917605387964,0.3257694047531697,0.5934089528961078
-1.25717751317105,10.944917605387964,0.8074549932077598,0.5125882016329505
-0.739457227213907,10.944917605387964,1.09198362052095,0.41602716798517375
-0.2217369412567649,10.944917605387964,1.020168825116503,0.5580260021283425
0.2959833447003781,10.944917605387964,0.8590755643404792,0.6073917482117043
12.203549921714655,10.944917605387964,-0.323038292363808,0.6085970038456285
12.721270207671799,10.944917605387964,-0.2849425430253712,0.6368612714216494
13.238990493628938,10.944917605387964,-0.10062605790944701,0.7674060942672899
13.756710779586081,10.944917605387964,0.34760832846492296,0.5821683831508149
14.274431065543224,10.944917605387964,0.7817375468516651,0.4983134701933414
14.792151351500367,10.944917605387964,0.932222788516044,0.3054481660265469
15.30987163745751,10.944917605387964,1.0521623931220188,-0.014802728966541603
15.827591923414653,10.944917605387964,1.023234188744744,-0.1741591189642709
16.34531220937179,10.944917605387964,0.7888305674059222,-0.02804269298216816
16.863032495328937,10.944917605387964,0.9239055933011864,0.11317623330715108
17.380752781286077,10.944917605387964,1.0441435027090764,0.15265937372197344
17.898473067243224,10.944917605387964,0.8646625826411939,-0.2903181020718355
18.416193353200363,10.944917605387964,0.7282498391125417,-0.20683378330184787
18.93391363915751,10.944917605387964,0.6794568670160555,-0.2829213839706219
19.45163392511465,10.944917605387964,0.5324077337364309,-0.400075175640094
19.96935421107179,10.944917605387964,0.6183692572643849,-0.119117446399347
20.487074497028935,10.944917605387964,0.6064564547034367,0.2937998672234264
21.004794782986075,10.944917605387964,0.43701841313045015,0.40467216837906356
21.52251506894322,10.944917605387964,0.3109509799681922,0.36717773251038194
-1.7748977991281922,11.358108497352923,0.24321829026592923,0.7697681170003086
-1.25717751317105,11.358108497352923,0.7977407158622191,0.5804394687809993
-0.739457227213907,11.358108497352923,1.0516556483901445,0.5049212050573474
-0.2217369412567649,11.358108497352923,0.9660355115179797,0.42891821587269746
0.2959833447003781,11.358108497352923,0.8825349486605907,0.1863230324154707
0.8137036306575194,11.358108497352923,0.7189087534100309,0.4611958024212538
12.203549921714655,11.358108497352923,-0.5416239656502065,0.842116778036644
12.721270207671799,11.358108497352923,-0.24319915074950643,0.7539173673234619
13.238990493628938,11.358108497352923,-0.18185781434016593,0.7328598488334995
13.756710779586081,11.358108497352923,0.33389185140242195,0.5018578133095457
14.274431065543224,11.358108497352923,0.7552646665302096,0.3331903952937329
14.792151351500367,11.358108497352923,0.8636567494497253,0.03272504981440731
15.30987163745751,11.358108497352923,0.9721898424105067,0.03160565157381357
15.827591923414653,11.358108497352923,0.9741173426851781,-0.21373038742459793
16.34531220937179,11.358108497352923,0.9024356454604541,-0.14135615530583948
16.863032495328937,11.358108497352923,0.9824335176791419,0.2763345299113866
17.380752781286077,11.358108497352923,0.9530719797208952,0.028802806784525858
17.898473067243224,11.358108497352923,0.7651107074762254,-0.23506413301980617
18.416193353200363,11.358108497352923,0.6691922039254301,-0.3540871370285088
18.93391363915751,11.358108497352923,0.5474592436752387,-0.37730299226266734
19.45163392511465,11.358108497352923,0.6315024978378373,-0.4459224187083266
19.96935421107179,11.358108497352923,0.8955773715697215,-0.08746228654190073
20.487074497028935,11.358108497352923,0.7434869489287517,0.3041305570085992
21.004794782986075,11.358108497352923,0.2567958133416151,0.3908905554619935
21.52251506894322,11.358108497352923,-0.047695652536124664,0.2182993327614648
-1.7748977991281922,11.771299389317885,0.40330038900702625,0.6239845963980154
-1.25717751317105,11.771299389317885,0.800962406700221,0.46016510567763247
-0.739457227213907,11.771299389317885,1.0455131999490985,0.3619654133062599
-0.2217369412567649,11.771299389317885,0.7683553610397562,0.6337799978581803
0.2959833447003781,11.771299389317885,0.8054773035704245,0.6709704140421615
0.8137036306575194,11.771299389317885,0.7938279537474741,0.7768516237277702
12.203549921714655,11.771299389317885,-0.6599366487726711,1.06856211082182
12.721270207671799,11.771299389317885,-0.49658215101310066,0.8494387633521029
13.238990493628938,11.771299389317885,-0.45665401451354604,0.6761895528440451
13.756710779586081,11.771299389317885,-0.06995421009120868,0.6053729719431467
14.274431065543224,11.771299389317885,0.6616287790420171,0.1607414777108471
14.792151351500367,11.771299389317885,0.8167785282744648,0.07843072106366784
15.30987163745751,11.771299389317885,0.9297041779306875,0.052383900176966154
15.827591923414653,11.771299389317885,0.9468283027005826,-0.10711506014195814
16.34531220937179,11.771299389317885,1.0571630485548142,0.02093392175355749
16.863032495328937,11.771299389317885,1.0023557472556253,0.1543951191337271
17.380752781286077,11.771299389317885,0.7916231912198299,-0.10017295411282792
17.898473067243224,11.771299389317885,0.6760794078260776,-0.27369133134771856
18.416193353200363,11.771299389317885,0.6691116123347742,-0.2924556627738404
18.93391363915751,11.771299389317885,0.6295977830992493,-0.2364800966529617
19.45163392511465,11.771299389317885,0.7214734758377556,-0.11173013361223351
20.487074497028935,11.771299389317885,0.8186031229537741,0.013017542016392113
21.004794782986075,11.771299389317885,0.22814095560446512,-0.16893982155520232
21.52251506894322,11.771299389317885,-0.07223051721574827,0.07223051721574827
-1.7748977991281922,12.184490281282844,0.27355698299834474,0.5417103712707967
-1.25717751317105,12.184490281282844,0.7499515457715066,0.6076900690821229
-0.739457227213907,12.184490281282844,1.1520808507655107,0.4689390877114772
-0.2217369412567649,12.184490281282844,1.0830382578090165,0.5670023820294248
0.2959833447003781,12.184490281282844,0.8557572544131907,0.8424447163509174
0.8137036306575194,12.184490281282844,0.6820114065234438,0.6381239286261834
1.3314239166146624,12.184490281282844,0.10586917339284795,0.7005878086269969
12.203549921714655,12.184490281282844,-0.9758298732295099,0.8184483402449333
12.721270207671799,12.184490281282844,-0.871237601305688,0.7168272674629386
13.238990493628938,12.184490281282844,-0.7072149845967168,0.47931327653468286
13.756710779586081,12.184490281282844,-0.3266486022380494,0.6616300769821793
14.274431065543224,12.184490281282844,0.5412086507535406,0.23303971465609125
14.792151351500367,12.184490281282844,0.821924322613172,0.14345600848957102
15.30987163745751,12.184490281282844,0.8825754045787269,0.02414198897322486
15.827591923414653,12.184490281282844,0.970130840457247,-0.08585973598840974
16.34531220937179,12.184490281282844,1.0383972530676226,0.09707953122925676
16.863032495328937,12.184490281282844,0.9466582609370591,-0.09393331856362505
17.380752781286077,12.184490281282844,0.7319653569167532,-0.18462034224902754
17.898473067243224,12.184490281282844,0.6541645502908374,-0.32820241992331295
-1.7748977991281922,12.597681173247807,0.5052887345885357,0.7335430263516631
-1.25717751317105,12.597681173247807,0.8215484554374891,0.888938456522426
-0.739457227213907,12.597681173247807,0.9612191713502342,0.8963477931410051
-0.2217369412567649,12.597681173247807,1.0316226882793185,0.5239594629001093
0.2959833447003781,12.597681173247807,0.7876494686078913,0.5288441851761153
0.8137036306575194,12.597681173247807,0.5684742374714852,0.30394931265253633
1.3314239166146624,12.597681173247807,0.3079187105321777,0.6110449119510104
11.16810934980037,12.597681173247807,-0.9263746141910729,0.47910507199784275
11.685829635757512,12.597681173247807,-0.9643237371174581,0.7084268164685265
12.203549921714655,12.597681173247807,-1.1131355264351732,0.4920698953469892
12.721270207671799,12.597681173247807,-1.002644877995507,0.4958254824297957
13.238990493628938,12.597681173247807,-0.7402425013293407,0.5734581175289419
13.756710779586081,12.597681173247807,-0.410247326022704,0.6484899137911037
14.274431065543224,12.597681173247807,0.1429539625458599,0.5553761444906375
14.792151351500367,12.597681173247807,0.7380134561434393,0.1386504569973628
15.30987163745751,12.597681173247807,0.8137888417650989,0.017625377142187464
15.827591923414653,12.597681173247807,0.9906618065538321,-0.03803876719655723
16.34531220937179,12.597681173247807,1.0491705501376594,-0.15082068358042272
16.863032495328937,12.597681173247807,0.8608287132342941,-0.26738895054503947
17.380752781286077,12.597681173247807,0.6363462195470272,-0.4074134790109275
-1.25717751317105,13.010872065212766,0.9582067424447622,0.8830224313993569
-0.739457227213907,13.010872065212766,0.8136368533595659,0.860031465423471
-0.2217369412567649,13.010872065212766,0.6460168763862735,0.7666339514077634
0.2959833447003781,13.010872065212766,0.6886485278701076,0.5738737732250907
0.8137036306575194,13.010872065212766,0.5956318255937064,0.7129933556736531
8.579507920014658,13.010872065212766,-1.1577875120871064,0.26537663093740543
9.0972282059718,13.010872065212766,-0.8386602178502703,0.1524399593225543
9.614948491928944,13.010872065212766,-1.2056358197274961,0.056715825885771884
10.132668777886083,13.010872065212766,-1.6904399242235466,0.21788854336982827
10.650389063843226,13.010872065212766,-1.471944403745512,0.2321661515158337
11.16810934980037,13.010872065212766,-0.7921482797353911,0.5393623006189692
11.685829635757512,13.010872065212766,-0.9818354510789802,0.5153157450316641
12.203549921714655,13.010872065212766,-1.213044077243318,0.36290963720036373
12.721270207671799,13.010872065212766,-0.9853183412385152,0.3919626512420006
13.238990493628938,13.010872065212766,-0.7041392450471247,0.6211966185381675
13.756710779586081,13.010872065212766,-0.5452634830273297,0.6425451035495983
15.827591923414653,13.010872065212766,0.8642654892250323,0.2192843821065658
16.34531220937179,13.010872065212766,0.9321725517182711,-0.1468193487794823
16.863032495328937,13.010872065212766,0.8218711861857976,-0.40377331696055807
-1.25717751317105,13.424062957177728,0.8546254732225681,0.9556586380330171
-0.739457227213907,13.424062957177728,0.7839242979721814,0.805801255124891
-0.2217369412567649,13.424062957177728,0.6410823200475597,0.8642993370100495
0.2959833447003781,13.424062957177728,0.6494756024482428,0.7433256575334741
0.8137036306575194,13.424062957177728,0.7458655761760017,0.8785350372697783
1.3314239166146624,13.424062957177728,0.7136169582373757,0.923628248112352
8.579507920014658,13.424062957177728,-1.2422051656242747,0.5114064990386354
9.0972282059718,13.424062957177728,-0.9967528107063681,0.3959493527192468
9.614948491928944,13.424062957177728,-1.1696529032098035,-0.08319706842914987
10.132668777886083,13.424062957177728,-1.609045980558137,0.15920606204356252
10.650389063843226,13.424062957177728,-1.3969938302946012,0.565216740528075
11.16810934980037,13.424062957177728,-0.7341905456892112,0.6919349747142867
11.685829635757512,13.424062957177728,-1.0694204912019754,0.3731209903313842
12.203549921714655,13.424062957177728,-1.1875910461500558,0.4553775164749063
12.721270207671799,13.424062957177728,-0.9254845415995647,0.5528572405446877
13.238990493628938,13.424062957177728,-0.611505684058807,0.6976643606422305
13.756710779586081,13.424062957177728,-0.37708202103990374,0.820868081902739
-0.739457227213907,13.837253849142687,0.5607511015076324,1.0513223105566412
-0.2217369412567649,13.837253849142687,0.4411441989316231,0.9834473262389446
0.2959833447003781,13.837253849142687,0.6278824285171589,0.9206735316804028
0.8137036306575194,13.837253849142687,0.7996371016292136,0.7879529065369129
1.3314239166146624,13.837253849142687,0.6548533482067459,0.6490739228661592
5.990906490228944,13.837253849142687,-0.0916818717390296,0.0916818717390296
6.508626776186087,13.837253849142687,-0.5118511429023905,0.026392324555913615
7.544067348100372,13.837253849142687,-1.0739626299779772,0.17038648955775484
8.061787634057515,13.837253849142687,-1.1719263213569842,0.22731181504199235
8.579507920014658,13.837253849142687,-1.2424179886297528,0.39664343578313765
9.0972282059718,13.837253849142687,-1.2112131684164178,0.2559507324182335
9.614948491928944,13.837253849142687,-1.2737235570052112,-0.008367057221359301
10.132668777886083,13.837253849142687,-1.3849037014465613,0.1671992798903236
10.650389063843226,13.837253849142687,-1.1960032871011117,0.8469359105103296
11.16810934980037,13.837253849142687,-0.9701856695884772,0.7476353176476929
11.685829635757512,13.837253849142687,-1.024282006425488,0.5837642528134414
12.203549921714655,13.837253849142687,-1.1036728943796172,0.5531645734164977
12.721270207671799,13.837253849142687,-0.8838375150542301,0.6635271986705888
13.238990493628938,13.837253849142687,-0.5617317028784579,0.7260538544359046
-0.739457227213907,14.25044474110765,0.5780663833500705,0.9323048651961402
-0.2217369412567649,14.25044474110765,0.43376441120999804,0.9757779940670912
0.2959833447003781,14.25044474110765,0.42846898340055434,0.9987551655322806
0.8137036306575194,14.25044474110765,0.49595398460897805,0.7161688468452205
1.3314239166146624,14.25044474110765,0.5384353344780464,0.6303994962897207
1.8491442025718055,14.25044474110765,0.448044522327653,0.5775792966176266
5.990906490228944,14.25044474110765,-0.10058360819614452,-0.05388407581935963
6.508626776186087,14.25044474110765,-0.467231609974185,-0.2536620456790467
7.0263470621432305,14.25044474110765,-0.8885487532682422,-0.19078990996571693
7.544067348100372,14.25044474110765,-1.0737921222236488,0.08637519905909515
8.061787634057515,14.25044474110765,-1.1828246425664461,-0.11041536920107187
8.579507920014658,14.25044474110765,-1.2740407906735163,0.009651824171769062
9.0972282059718,14.25044474110765,-1.2599549645356578,0.13809054667780662
9.614948491928944,14.25044474110765,-1.206194879919228,-0.022764804775938167
10.132668777886083,14.25044474110765,-1.1449196512364948,0.2812754320833062
10.650389063843226,14.25044474110765,-1.1149788661745714,0.620610535709962
11.16810934980037,14.25044474110765,-1.047277003718525,0.6550458825539824
11.685829635757512,14.25044474110765,-1.134527284060569,0.5770856920342127
12.203549921714655,14.25044474110765,-1.1498937242194158,0.549375798871823
12.721270207671799,14.25044474110765,-0.9468471444309834,0.5005966309279398
13.238990493628938,14.25044474110765,-0.6408010228818881,0.585551413687207
-2.2926180850853353,14.663635633072612,-0.2735392444860969,0.18401730992700632
-1.7748977991281922,14.663635633072612,-0.09716141644637148,0.8721171370450961
-0.739457227213907,14.663635633072612,0.9008191425816414,0.6902427351537772
-0.2217369412567649,14.663635633072612,0.562774715745158,0.7732258851517619
0.2959833447003781,14.663635633072612,0.2995281803107188,0.8911726354513941
0.8137036306575194,14.663635633072612,0.3715267309149882,0.8212696157068162
1.3314239166146624,14.663635633072612,0.43366640510139104,0.8195897197329081
1.8491442025718055,14.663635633072612,0.2772306348001757,0.6613522566263943
5.990906490228944,14.663635633072612,-0.32369372337815766,-0.28772775411392365
6.508626776186087,14.663635633072612,-0.5893121144239335,-0.4290507092609422
7.0263470621432305,14.663635633072612,-0.7872577171052846,-0.31982344757402004
7.544067348100372,14.663635633072612,-1.0553064356104016,-0.1548756349420946
8.061787634057515,14.663635633072612,-1.2160350115508873,-0.04513814170299717
8.579507920014658,14.663635633072612,-1.1463671434742881,0
9.0972282059718,14.663635633072612,-1.233499802369667,0.18855629468979634
9.614948491928944,14.663635633072612,-1.187702748850107,0.33545295758909394
10.132668777886083,14.663635633072612,-1.0304647764502466,0.3219727820301456
10.650389063843226,14.663635633072612,-1.1012122353388465,0.35822140217386933
11.16810934980037,14.663635633072612,-1.0738342954268405,0.4388621898388077
11.685829635757512,14.663635633072612,-1.1007275532408487,0.4681176331653173
12.203549921714655,14.663635633072612,-1.1959042466960284,0.5228940574445605
12.721270207671799,14.663635633072612,-0.9928075971426887,0.6323881432518845
13.238990493628938,14.663635633072612,-0.6135548700007466,0.7068362313927282
-2.2926180850853353,15.076826525037571,-0.03971432408201665,0.4731184694988161
-1.7748977991281922,15.076826525037571,0.828880721369435,0.4265327850017762
-0.739457227213907,15.076826525037571,0.3876980135376985,1.0729066435806984
-0.2217369412567649,15.076826525037571,0.463514062520156,1.0162077902757776
0.2959833447003781,15.076826525037571,0.45191002119084106,0.9280436902662521
0.8137036306575194,15.076826525037571,0.3289829346185097,1.02502553239934
1.3314239166146624,15.076826525037571,0.19550785967547418,0.9015578347307599
1.8491442025718055,15.076826525037571,-0.16116562511100882,0.6962813839315385
6.508626776186087,15.076826525037571,-0.5580161976732938,-0.4371608761046804
7.0263470621432305,15.076826525037571,-0.8052425585013342,-0.15254595052354836
7.544067348100372,15.076826525037571,-0.9691266899691298,-0.03761547117629889
8.061787634057515,15.076826525037571,-1.1133472361438672,0.029075845175331214
8.579507920014658,15.076826525037571,-1.1430383112390439,0.2312789694942473
9.0972282059718,15.076826525037571,-1.0636933353187135,0.32471026625633165
9.614948491928944,15.076826525037571,-1.1296141178921997,0.37033136831996805
10.132668777886083,15.076826525037571,-1.1307013925432396,0.3806797760370445
10.650389063843226,15.076826525037571,-1.0868926181689453,0.40656919191175195
11.16810934980037,15.076826525037571,-1.0379205925753445,0.38375650746183265
11.685829635757512,15.076826525037571,-1.1024910310226184,0.3360819433278622
12.203549921714655,15.076826525037571,-1.0734774808568939,0.5211089083071707
12.721270207671799,15.076826525037571,-0.86263372766847,0.8339362095995018
-2.2926180850853353,15.490017417002534,0.3323380007177137,0.41963415758826395
-1.7748977991281922,15.490017417002534,0.9016235038256366,0.5132379191365022
-0.739457227213907,15.490017417002534,0.7383653133647488,0.9902391438563666
-0.2217369412567649,15.490017417002534,0.23998263689782187,1.1084740171168919
0.2959833447003781,15.490017417002534,0.25416128652911046,0.950396548480158
0.8137036306575194,15.490017417002534,0.22922463313997685,0.8808710853080554
1.3314239166146624,15.490017417002534,-0.264263659225947,0.7241994041564088
1.8491442025718055,15.490017417002534,-0.3560338552853883,0.6778027981824137
6.508626776186087,15.490017417002534,-0.4382212198050463,-0.3415764726763222
7.0263470621432305,15.490017417002534,-0.61934186883735,-0.15595862603883426
7.544067348100372,15.490017417002534,-0.9813836211350702,0.10096368329205478
8.061787634057515,15.490017417002534,-1.082743461349961,-0.04954222613931147
8.579507920014658,15.490017417002534,-0.9629848586436127,0.34609771957906404
9.0972282059718,15.490017417002534,-1.1338760771920373,0.41395475833994816
9.614948491928944,15.490017417002534,-1.169988714150917,0.08838672579282905
10.132668777886083,15.490017417002534,-1.015298224770645,0.320336792950009
10.650389063843226,15.490017417002534,-1.1064559726680234,0.40775144704354055
11.16810934980037,15.490017417002534,-1.139433663599917,0.25387073614259925
11.685829635757512,15.490017417002534,-1.0472033383962254,0.2147322846949454
12.203549921714655,15.490017417002534,-0.9052501028864322,0.5258438097649104
-1.7748977991281922,15.903208308967493,1.201636100674968,0.10095782797750165
-0.2217369412567649,15.903208308967493,0.3257743184979522,0.6247886036907121
0.2959833447003781,15.903208308967493,0.015503114505059902,0.7137174566587937
0.8137036306575194,15.903208308967493,-0.05342102471796804,0.41862657551713006
1.3314239166146624,15.903208308967493,-0.2261652393528105,0.3926228555164834
7.0263470621432305,15.903208308967493,-0.591641758292298,-0.20550388507055625
7.544067348100372,15.903208308967493,-0.9336731084854596,-0.2123346454877512
8.061787634057515,15.903208308967493,-0.9923550808610967,0.035913016653459966
8.579507920014658,15.903208308967493,-0.8638769775189682,0.26116154683144166
9.0972282059718,15.903208308967493,-1.1714724851549374,0.35341820756032893
9.614948491928944,15.903208308967493,-1.2193000866374601,0.1724262748780269
10.132668777886083,15.903208308967493,-0.9812658538279174,0.13450502003124323
10.650389063843226,15.903208308967493,-1.1379892076528122,0.14823148812803125
11.16810934980037,15.903208308967493,-1.1811771705811134,0.09650027250135812
11.685829635757512,15.903208308967493,-1.001828028004392,0.16118120289264373
12.203549921714655,15.903208308967493,-0.8537625652671251,0.37949877644196595
-0.2217369412567649,16.316399200932455,0.370761549696862,0.21131487288422796
0.2959833447003781,16.316399200932455,-0.03372848882843475,0.3996314888460318
0.8137036306575194,16.316399200932455,-0.3176477653090073,0.2212946098319427
8.061787634057515,16.316399200932455,-0.8570444890725334,-0.007173921504513363
8.579507920014658,16.316399200932455,-0.7519165524818128,0.21782540796130645
9.0972282059718,16.316399200932455,-1.1600794289578342,0.30675834134397495
